{
  "$schema": "https://developer.microsoft.com/en-us/json-schemas/teams/v1.2/MicrosoftTeams.schema.json",
  "manifestVersion": "1.2",
  "packageName": "Hello world",
  "id": "00000000-0000-0000-0000-000000000000",
  "version": "0.1",
  "developer": {
    "name": "SPFx + Teams Dev",
    "websiteUrl": "https://products.office.com/en-us/sharepoint/collaboration",
    "privacyUrl": "https://privacy.microsoft.com/en-us/privacystatement",
    "termsOfUseUrl": "https://www.microsoft.com/en-us/servicesagreement"
  },
  "name": {
    "short": ""
  },
  "description": {
    "short": "",
    "full": ""
  },
  "icons": {
    "outline": "tab20x20.png",
    "color": "tab96x96.png"
  },
  "accentColor": "#004578",
  "configurableTabs": [
    {
      "configurationUrl": "",
      "canUpdateConfiguration": true,
      "scopes": ["team"]
    }
  ],
  "validDomains": [
    "*.login.microsoftonline.com",
    "*.sharepoint.com",
    "*.sharepoint-df.com",
    "spoppe-a.akamaihd.net",
    "spoprod-a.akamaihd.net",
    "modernb.akamai.odsp.cdn.office.net",
    "modernb.verizon.odsp.cdn.office.net",
    "res-1-sdf.cdn.office.net",
    "res-2-sdf.cdn.office.net",
    "res-1.cdn.office.net",
    "res-2.cdn.office.net",
    "resourceseng.blob.core.windows.net",
    "odspwebdevdeploy.blob.core.windows.net",
    "msft.spoppe.com"
  ],
  "webApplicationInfo": {
    "resource": "https://{teamSiteDomain}",
    "id": "00000003-0000-0ff1-ce00-000000000000"
  }
}
