{
  "adaptiveCardExtension": {
    "standard": {
      "dependencies": {
        "@microsoft/sp-core-library": "1.16.1",
        "@microsoft/sp-property-pane": "1.16.1",
        "@microsoft/sp-adaptive-card-extension-base": "1.16.1"
      },
      "devDependencies": {
        "@microsoft/sp-module-interfaces": "1.16.1"
      }
    },
    "plusBeta": {
      "dependencies": {
        "@microsoft/sp-core-library": "1.16.1",
        "@microsoft/sp-property-pane": "1.16.1",
        "@microsoft/sp-adaptive-card-extension-base": "1.16.1"
      },
      "devDependencies": {
        "@microsoft/sp-module-interfaces": "1.16.1"
      }
    }
  },
  "applicationCustomizer": {
    "standard": {
      "dependencies": {
        "@microsoft/sp-dialog": "1.16.1",
        "@microsoft/sp-application-base": "1.16.1"
      }
    },
    "plusBeta": null
  },
  "applicationCustomizerPlusBeta": {
    "standard": {
      "dependencies": {
        "@microsoft/sp-dialog": "1.16.1",
        "@microsoft/sp-application-base": "1.16.1"
      }
    },
    "plusBeta": null
  },
  "commandSet": {
    "standard": {
      "dependencies": {
        "@microsoft/sp-listview-extensibility": "1.16.1",
        "@microsoft/sp-dialog": "1.16.1"
      }
    },
    "plusBeta": null
  },
  "commandSetPlusBeta": {
    "standard": {
      "dependencies": {
        "@microsoft/sp-listview-extensibility": "1.16.1",
        "@microsoft/sp-dialog": "1.16.1"
      }
    },
    "plusBeta": null
  },
  "extension": {
    "standard": {
      "dependencies": {
        "@microsoft/sp-core-library": "1.16.1",
        "@microsoft/decorators": "1.16.1"
      },
      "devDependencies": {
        "@microsoft/sp-module-interfaces": "1.16.1"
      }
    },
    "plusBeta": {
      "dependencies": {
        "@microsoft/sp-core-library": "1.16.1",
        "@microsoft/decorators": "1.16.1"
      },
      "devDependencies": {
        "@microsoft/sp-module-interfaces": "1.16.1"
      }
    }
  },
  "fieldCustomizer": {
    "standard": {
      "dependencies": {
        "@microsoft/sp-listview-extensibility": "1.16.1"
      }
    },
    "plusBeta": null
  },
  "fieldCustomizerPlusBeta": {
    "standard": {
      "dependencies": {
        "@microsoft/sp-listview-extensibility": "1.16.1"
      }
    },
    "plusBeta": null
  },
  "library": {
    "standard": {
      "dependencies": {},
      "devDependencies": {
        "@microsoft/sp-module-interfaces": "1.16.1"
      }
    },
    "plusBeta": {
      "dependencies": {},
      "devDependencies": {
        "@microsoft/sp-module-interfaces": "1.16.1"
      }
    }
  },
  "react": {
    "standard": {
      "dependencies": {
        "react": "17.0.1",
        "react-dom": "17.0.1",
        "office-ui-fabric-react": "^7.199.1"
      },
      "devDependencies": {
        "@types/react": "17.0.45",
        "@types/react-dom": "17.0.17",
        "eslint-plugin-react-hooks": "4.3.0"
      }
    },
    "plusBeta": null
  },
  "searchQueryModifier": {
    "standard": {
      "dependencies": {
        "@microsoft/sp-search-extensibility": "1.16.1"
      }
    },
    "plusBeta": null
  },
  "searchQueryModifierPlusBeta": {
    "standard": {
      "dependencies": {
        "@microsoft/sp-search-extensibility": "1.16.1"
      }
    },
    "plusBeta": null
  },
  "webpart": {
    "standard": {
      "dependencies": {
        "@microsoft/sp-core-library": "1.16.1",
        "@microsoft/sp-property-pane": "1.16.1",
        "@microsoft/sp-webpart-base": "1.16.1",
        "@microsoft/sp-lodash-subset": "1.16.1",
        "@microsoft/sp-office-ui-fabric-core": "1.16.1"
      },
      "devDependencies": {
        "@microsoft/sp-module-interfaces": "1.16.1"
      }
    },
    "plusBeta": {
      "dependencies": {
        "@microsoft/sp-core-library": "1.16.1",
        "@microsoft/sp-property-pane": "1.16.1",
        "@microsoft/sp-webpart-base": "1.16.1",
        "@microsoft/sp-lodash-subset": "1.16.1",
        "@microsoft/sp-office-ui-fabric-core": "1.16.1"
      },
      "devDependencies": {
        "@microsoft/sp-module-interfaces": "1.16.1"
      }
    }
  },
  "useHeft": {
    "standard": {
      "dependencies": {
        "tslib": "2.3.1"
      },
      "devDependencies": {
        "@microsoft/rush-stack-compiler-4.5": "0.2.2",
        "@rushstack/eslint-config": "2.5.1",
        "@microsoft/eslint-plugin-spfx": "1.16.1",
        "@microsoft/eslint-config-spfx": "1.16.1",
        "@microsoft/spfx-web-build-rig": "1.16.1",
        "@rushstack/heft": "0.47.11",
        "@types/webpack-env": "~1.15.2",
        "eslint": "8.7.0"
      }
    },
    "plusBeta": null
  },
  "useGulp": {
    "standard": {
      "dependencies": {
        "tslib": "2.3.1"
      },
      "devDependencies": {
        "@microsoft/rush-stack-compiler-4.5": "0.2.2",
        "@rushstack/eslint-config": "2.5.1",
        "@microsoft/eslint-plugin-spfx": "1.16.1",
        "@microsoft/eslint-config-spfx": "1.16.1",
        "@microsoft/sp-build-web": "1.16.1",
        "@types/webpack-env": "~1.15.2",
        "ajv": "^6.12.5",
        "gulp": "4.0.2",
        "typescript": "4.5.5"
      },
      "preferredVersions": {
        "typescript": "4.5.5"
      }
    },
    "plusBeta": null
  },
  "formCustomizer": {
    "standard": {
      "dependencies": {
        "@microsoft/sp-core-library": "1.16.1",
        "@microsoft/sp-listview-extensibility": "1.16.1",
        "@microsoft/sp-lodash-subset": "1.16.1",
        "@microsoft/sp-office-ui-fabric-core": "1.16.1"
      },
      "devDependencies": {
        "@microsoft/sp-module-interfaces": "1.16.1"
      }
    },
    "plusBeta": {
      "dependencies": {
        "@microsoft/sp-core-library": "1.16.1",
        "@microsoft/sp-listview-extensibility": "1.16.1",
        "@microsoft/sp-lodash-subset": "1.16.1",
        "@microsoft/sp-office-ui-fabric-core": "1.16.1"
      },
      "devDependencies": {
        "@microsoft/sp-module-interfaces": "1.16.1"
      }
    }
  }
}
